"","species","filepath","filename","sdm_max_value","taxon_group","n_obs_inat","n_obs_ebird","include"
"1","Accipiter cooperii","RawData/2024_11_28_SDM_Bowen_Island//Bird_mask/Accipiter.cooperii_NAs_pu_mask.tif","Accipiter.cooperii_NAs_pu_mask.tif",0.976515829563141,"Bird",0,42,"y"
"2","Accipiter gentilis","RawData/2024_11_28_SDM_Bowen_Island//Bird_mask/Accipiter.gentilis_NAs_pu_mask.tif","Accipiter.gentilis_NAs_pu_mask.tif",0.947767674922943,"Bird",0,0,NA
"3","Accipiter striatus","RawData/2024_11_28_SDM_Bowen_Island//Bird_mask/Accipiter.striatus_NAs_pu_mask.tif","Accipiter.striatus_NAs_pu_mask.tif",0.964999973773956,"Bird",2,62,"y"
"4","Acipenser transmontanus","RawData/2024_11_28_SDM_Bowen_Island//Fish_mask/Acipenser.transmontanus_NAs_pu_mask.tif","Acipenser.transmontanus_NAs_pu_mask.tif",NA,"Fish",2,NA,NA
"5","Acrocheilus alutaceus","RawData/2024_11_28_SDM_Bowen_Island//Fish_mask/Acrocheilus.alutaceus_NAs_pu_mask.tif","Acrocheilus.alutaceus_NAs_pu_mask.tif",NA,"Fish",0,NA,NA
"6","Actitis macularius","RawData/2024_11_28_SDM_Bowen_Island//Bird_mask/Actitis.macularius_NAs_pu_mask.tif","Actitis.macularius_NAs_pu_mask.tif",0.95898562669754,"Bird",1,36,"y"
"7","Aechmophorus clarkii","RawData/2024_11_28_SDM_Bowen_Island//Bird_mask/Aechmophorus.clarkii_NAs_pu_mask.tif","Aechmophorus.clarkii_NAs_pu_mask.tif",0.298371136188507,"Bird",0,0,NA
"8","Aechmophorus occidentalis","RawData/2024_11_28_SDM_Bowen_Island//Bird_mask/Aechmophorus.occidentalis_NAs_pu_mask.tif","Aechmophorus.occidentalis_NAs_pu_mask.tif",0.962610423564911,"Bird",1,124,"y"
"9","Aegolius acadicus","RawData/2024_11_28_SDM_Bowen_Island//Bird_mask/Aegolius.acadicus_NAs_pu_mask.tif","Aegolius.acadicus_NAs_pu_mask.tif",0.950834810733795,"Bird",0,0,NA
"10","Aegolius funereus","RawData/2024_11_28_SDM_Bowen_Island//Bird_mask/Aegolius.funereus_NAs_pu_mask.tif","Aegolius.funereus_NAs_pu_mask.tif",0.711736977100372,"Bird",0,0,NA
"11","Aeronautes saxatalis","RawData/2024_11_28_SDM_Bowen_Island//Bird_mask/Aeronautes.saxatalis_NAs_pu_mask.tif","Aeronautes.saxatalis_NAs_pu_mask.tif",NA,"Bird",0,0,NA
"12","Agelaius phoeniceus","RawData/2024_11_28_SDM_Bowen_Island//Bird_mask/Agelaius.phoeniceus_NAs_pu_mask.tif","Agelaius.phoeniceus_NAs_pu_mask.tif",0.916041970252991,"Bird",14,481,"y"
"13","Aix sponsa","RawData/2024_11_28_SDM_Bowen_Island//Bird_mask/Aix.sponsa_NAs_pu_mask.tif","Aix.sponsa_NAs_pu_mask.tif",0.926335453987122,"Bird",10,261,"y"
"14","Ambystoma gracile","RawData/2024_11_28_SDM_Bowen_Island//Amphibian_mask/Ambystoma.gracile_NAs_pu_mask.tif","Ambystoma.gracile_NAs_pu_mask.tif",0.980000019073486,"Amphibian",45,NA,"y"
"15","Ambystoma macrodactylum","RawData/2024_11_28_SDM_Bowen_Island//Amphibian_mask/Ambystoma.macrodactylum_NAs_pu_mask.tif","Ambystoma.macrodactylum_NAs_pu_mask.tif",0.936645984649658,"Amphibian",7,NA,"y"
"16","Ammodramus savannarum","RawData/2024_11_28_SDM_Bowen_Island//Bird_mask/Ammodramus.savannarum_NAs_pu_mask.tif","Ammodramus.savannarum_NAs_pu_mask.tif",0.751087129116058,"Bird",0,0,NA
"17","Anas acuta","RawData/2024_11_28_SDM_Bowen_Island//Bird_mask/Anas.acuta_NAs_pu_mask.tif","Anas.acuta_NAs_pu_mask.tif",0.945306956768036,"Bird",0,16,"y"
"18","Anas americana","RawData/2024_11_28_SDM_Bowen_Island//Bird_mask/Anas.americana_NAs_pu_mask.tif","Anas.americana_NAs_pu_mask.tif",0.960928678512573,"Bird",0,40,"y"
"19","Anas clypeata","RawData/2024_11_28_SDM_Bowen_Island//Bird_mask/Anas.clypeata_NAs_pu_mask.tif","Anas.clypeata_NAs_pu_mask.tif",0.911761581897736,"Bird",0,10,"y"
"20","Anas crecca","RawData/2024_11_28_SDM_Bowen_Island//Bird_mask/Anas.crecca_NAs_pu_mask.tif","Anas.crecca_NAs_pu_mask.tif",0.933000028133392,"Bird",3,21,"y"
"21","Anas cyanoptera","RawData/2024_11_28_SDM_Bowen_Island//Bird_mask/Anas.cyanoptera_NAs_pu_mask.tif","Anas.cyanoptera_NAs_pu_mask.tif",0.909700810909271,"Bird",1,2,"y"
"22","Anas discors","RawData/2024_11_28_SDM_Bowen_Island//Bird_mask/Anas.discors_NAs_pu_mask.tif","Anas.discors_NAs_pu_mask.tif",0.942816972732544,"Bird",0,1,"y"
"23","Anas penelope","RawData/2024_11_28_SDM_Bowen_Island//Bird_mask/Anas.penelope_NAs_pu_mask.tif","Anas.penelope_NAs_pu_mask.tif",0.975518107414246,"Bird",0,1,"y"
"24","Anas platyrhynchos","RawData/2024_11_28_SDM_Bowen_Island//Bird_mask/Anas.platyrhynchos_NAs_pu_mask.tif","Anas.platyrhynchos_NAs_pu_mask.tif",0.980908930301666,"Bird",32,934,"y"
"25","Anas strepera","RawData/2024_11_28_SDM_Bowen_Island//Bird_mask/Anas.strepera_NAs_pu_mask.tif","Anas.strepera_NAs_pu_mask.tif",0.889498889446259,"Bird",0,2,"y"
"26","Anaxyrus boreas","RawData/2024_11_28_SDM_Bowen_Island//Amphibian_mask/Anaxyrus.boreas_NAs_pu_mask.tif","Anaxyrus.boreas_NAs_pu_mask.tif",0.897000014781952,"Amphibian",0,NA,NA
"27","Aneides vagrans","RawData/2024_11_28_SDM_Bowen_Island//Amphibian_mask/Aneides.vagrans_NAs_pu_mask.tif","Aneides.vagrans_NAs_pu_mask.tif",NA,"Amphibian",0,NA,NA
"28","Anser albifrons","RawData/2024_11_28_SDM_Bowen_Island//Bird_mask/Anser.albifrons_NAs_pu_mask.tif","Anser.albifrons_NAs_pu_mask.tif",0.976007223129272,"Bird",4,12,"y"
"29","Anthus rubescens","RawData/2024_11_28_SDM_Bowen_Island//Bird_mask/Anthus.rubescens_NAs_pu_mask.tif","Anthus.rubescens_NAs_pu_mask.tif",0.96026873588562,"Bird",1,4,"y"
"30","Aquila chrysaetos","RawData/2024_11_28_SDM_Bowen_Island//Bird_mask/Aquila.chrysaetos_NAs_pu_mask.tif","Aquila.chrysaetos_NAs_pu_mask.tif",0.883305311203003,"Bird",0,0,NA
"31","Archilochus alexandri","RawData/2024_11_28_SDM_Bowen_Island//Bird_mask/Archilochus.alexandri_NAs_pu_mask.tif","Archilochus.alexandri_NAs_pu_mask.tif",0.119128167629242,"Bird",0,0,NA
"32","Ardea herodias","RawData/2024_11_28_SDM_Bowen_Island//Bird_mask/Ardea.herodias_NAs_pu_mask.tif","Ardea.herodias_NAs_pu_mask.tif",0.981899678707123,"Bird",28,830,"y"
"33","Arenaria melanocephala","RawData/2024_11_28_SDM_Bowen_Island//Bird_mask/Arenaria.melanocephala_NAs_pu_mask.tif","Arenaria.melanocephala_NAs_pu_mask.tif",0.992416262626648,"Bird",7,152,"y"
"34","Ascaphus truei","RawData/2024_11_28_SDM_Bowen_Island//Amphibian_mask/Ascaphus.truei_NAs_pu_mask.tif","Ascaphus.truei_NAs_pu_mask.tif",0.917166292667389,"Amphibian",0,NA,NA
"35","Asio flammeus","RawData/2024_11_28_SDM_Bowen_Island//Bird_mask/Asio.flammeus_NAs_pu_mask.tif","Asio.flammeus_NAs_pu_mask.tif",0.975525975227356,"Bird",0,0,NA
"36","Asio otus","RawData/2024_11_28_SDM_Bowen_Island//Bird_mask/Asio.otus_NAs_pu_mask.tif","Asio.otus_NAs_pu_mask.tif",0.972437083721161,"Bird",0,0,NA
"37","Aythya affinis","RawData/2024_11_28_SDM_Bowen_Island//Bird_mask/Aythya.affinis_NAs_pu_mask.tif","Aythya.affinis_NAs_pu_mask.tif",0.969754815101624,"Bird",3,91,"y"
"38","Aythya americana","RawData/2024_11_28_SDM_Bowen_Island//Bird_mask/Aythya.americana_NAs_pu_mask.tif","Aythya.americana_NAs_pu_mask.tif",0.771110773086548,"Bird",1,6,"y"
"39","Aythya collaris","RawData/2024_11_28_SDM_Bowen_Island//Bird_mask/Aythya.collaris_NAs_pu_mask.tif","Aythya.collaris_NAs_pu_mask.tif",0.972988963127136,"Bird",8,272,"y"
"40","Aythya marila","RawData/2024_11_28_SDM_Bowen_Island//Bird_mask/Aythya.marila_NAs_pu_mask.tif","Aythya.marila_NAs_pu_mask.tif",0.977794885635376,"Bird",1,19,"y"
"41","Aythya valisineria","RawData/2024_11_28_SDM_Bowen_Island//Bird_mask/Aythya.valisineria_NAs_pu_mask.tif","Aythya.valisineria_NAs_pu_mask.tif",0.92415052652359,"Bird",0,0,NA
"42","Bombycilla cedrorum","RawData/2024_11_28_SDM_Bowen_Island//Bird_mask/Bombycilla.cedrorum_NAs_pu_mask.tif","Bombycilla.cedrorum_NAs_pu_mask.tif",0.951836168766022,"Bird",8,209,"y"
"43","Bombycilla garrulus","RawData/2024_11_28_SDM_Bowen_Island//Bird_mask/Bombycilla.garrulus_NAs_pu_mask.tif","Bombycilla.garrulus_NAs_pu_mask.tif",0.689250826835632,"Bird",0,0,NA
"44","Bonasa umbellus","RawData/2024_11_28_SDM_Bowen_Island//Bird_mask/Bonasa.umbellus_NAs_pu_mask.tif","Bonasa.umbellus_NAs_pu_mask.tif",0.85699999332428,"Bird",0,0,NA
"45","Botaurus lentiginosus","RawData/2024_11_28_SDM_Bowen_Island//Bird_mask/Botaurus.lentiginosus_NAs_pu_mask.tif","Botaurus.lentiginosus_NAs_pu_mask.tif",0.921431422233582,"Bird",0,0,NA
"46","Brachyramphus marmoratus","RawData/2024_11_28_SDM_Bowen_Island//Bird_mask/Brachyramphus.marmoratus_NAs_pu_mask.tif","Brachyramphus.marmoratus_NAs_pu_mask.tif",0.98199999332428,"Bird",7,473,"y"
"47","Branta bernicla","RawData/2024_11_28_SDM_Bowen_Island//Bird_mask/Branta.bernicla_NAs_pu_mask.tif","Branta.bernicla_NAs_pu_mask.tif",0.965809404850006,"Bird",0,1,"y"
"48","Branta canadensis","RawData/2024_11_28_SDM_Bowen_Island//Bird_mask/Branta.canadensis_NAs_pu_mask.tif","Branta.canadensis_NAs_pu_mask.tif",0.979132294654846,"Bird",41,1112,"y"
"49","Branta hutchinsii","RawData/2024_11_28_SDM_Bowen_Island//Bird_mask/Branta.hutchinsii_NAs_pu_mask.tif","Branta.hutchinsii_NAs_pu_mask.tif",0.976416289806366,"Bird",0,8,"y"
"50","Bubo scandiacus","RawData/2024_11_28_SDM_Bowen_Island//Bird_mask/Bubo.scandiacus_NAs_pu_mask.tif","Bubo.scandiacus_NAs_pu_mask.tif",0.97840142250061,"Bird",0,0,NA
"51","Bubo virginianus","RawData/2024_11_28_SDM_Bowen_Island//Bird_mask/Bubo.virginianus_NAs_pu_mask.tif","Bubo.virginianus_NAs_pu_mask.tif",0.954875230789185,"Bird",0,6,"y"
"52","Bucephala albeola","RawData/2024_11_28_SDM_Bowen_Island//Bird_mask/Bucephala.albeola_NAs_pu_mask.tif","Bucephala.albeola_NAs_pu_mask.tif",0.979429125785828,"Bird",15,827,"y"
"53","Bucephala clangula","RawData/2024_11_28_SDM_Bowen_Island//Bird_mask/Bucephala.clangula_NAs_pu_mask.tif","Bucephala.clangula_NAs_pu_mask.tif",0.977109968662262,"Bird",9,456,"y"
"54","Bucephala islandica","RawData/2024_11_28_SDM_Bowen_Island//Bird_mask/Bucephala.islandica_NAs_pu_mask.tif","Bucephala.islandica_NAs_pu_mask.tif",0.970633506774902,"Bird",30,593,"y"
"55","Buteo jamaicensis","RawData/2024_11_28_SDM_Bowen_Island//Bird_mask/Buteo.jamaicensis_NAs_pu_mask.tif","Buteo.jamaicensis_NAs_pu_mask.tif",0.965608716011047,"Bird",5,111,"y"
"56","Buteo lagopus","RawData/2024_11_28_SDM_Bowen_Island//Bird_mask/Buteo.lagopus_NAs_pu_mask.tif","Buteo.lagopus_NAs_pu_mask.tif",0.956458330154419,"Bird",0,0,NA
"57","Buteo platypterus","RawData/2024_11_28_SDM_Bowen_Island//Bird_mask/Buteo.platypterus_NAs_pu_mask.tif","Buteo.platypterus_NAs_pu_mask.tif",0.489721715450287,"Bird",0,0,NA
"58","Buteo swainsoni","RawData/2024_11_28_SDM_Bowen_Island//Bird_mask/Buteo.swainsoni_NAs_pu_mask.tif","Buteo.swainsoni_NAs_pu_mask.tif",0.286430418491364,"Bird",0,0,NA
"59","Butorides virescens","RawData/2024_11_28_SDM_Bowen_Island//Bird_mask/Butorides.virescens_NAs_pu_mask.tif","Butorides.virescens_NAs_pu_mask.tif",0.730700254440308,"Bird",0,0,NA
"60","Calcarius lapponicus","RawData/2024_11_28_SDM_Bowen_Island//Bird_mask/Calcarius.lapponicus_NAs_pu_mask.tif","Calcarius.lapponicus_NAs_pu_mask.tif",0.950846374034882,"Bird",0,0,NA
"61","Calidris alba","RawData/2024_11_28_SDM_Bowen_Island//Bird_mask/Calidris.alba_NAs_pu_mask.tif","Calidris.alba_NAs_pu_mask.tif",0.972134113311768,"Bird",0,0,NA
"62","Calidris alpina","RawData/2024_11_28_SDM_Bowen_Island//Bird_mask/Calidris.alpina_NAs_pu_mask.tif","Calidris.alpina_NAs_pu_mask.tif",0.971350014209747,"Bird",0,5,"y"
"63","Calidris bairdii","RawData/2024_11_28_SDM_Bowen_Island//Bird_mask/Calidris.bairdii_NAs_pu_mask.tif","Calidris.bairdii_NAs_pu_mask.tif",0.961228489875793,"Bird",0,0,NA
"64","Calidris himantopus","RawData/2024_11_28_SDM_Bowen_Island//Bird_mask/Calidris.himantopus_NAs_pu_mask.tif","Calidris.himantopus_NAs_pu_mask.tif",0.840711891651154,"Bird",0,0,NA
"65","Calidris mauri","RawData/2024_11_28_SDM_Bowen_Island//Bird_mask/Calidris.mauri_NAs_pu_mask.tif","Calidris.mauri_NAs_pu_mask.tif",0.970335483551025,"Bird",0,2,"y"
"66","Calidris melanotos","RawData/2024_11_28_SDM_Bowen_Island//Bird_mask/Calidris.melanotos_NAs_pu_mask.tif","Calidris.melanotos_NAs_pu_mask.tif",0.911427557468414,"Bird",0,1,"y"
"67","Calidris minutilla","RawData/2024_11_28_SDM_Bowen_Island//Bird_mask/Calidris.minutilla_NAs_pu_mask.tif","Calidris.minutilla_NAs_pu_mask.tif",0.937269568443298,"Bird",0,6,"y"
"68","Calidris pusilla","RawData/2024_11_28_SDM_Bowen_Island//Bird_mask/Calidris.pusilla_NAs_pu_mask.tif","Calidris.pusilla_NAs_pu_mask.tif",0.96318531036377,"Bird",0,0,NA
"69","Calypte anna","RawData/2024_11_28_SDM_Bowen_Island//Bird_mask/Calypte.anna_NAs_pu_mask.tif","Calypte.anna_NAs_pu_mask.tif",0.840825974941254,"Bird",19,840,"y"
"70","Cardellina pusilla","RawData/2024_11_28_SDM_Bowen_Island//Bird_mask/Cardellina.pusilla_NAs_pu_mask.tif","Cardellina.pusilla_NAs_pu_mask.tif",0.938915610313416,"Bird",3,177,"y"
"71","Carduelis flammea","RawData/2024_11_28_SDM_Bowen_Island//Bird_mask/Carduelis.flammea_NAs_pu_mask.tif","Carduelis.flammea_NAs_pu_mask.tif",0.908536076545715,"Bird",0,5,"y"
"72","Carduelis hornemanni","RawData/2024_11_28_SDM_Bowen_Island//Bird_mask/Carduelis.hornemanni_NAs_pu_mask.tif","Carduelis.hornemanni_NAs_pu_mask.tif",0.352999985218048,"Bird",0,0,NA
"73","Carduelis pinus","RawData/2024_11_28_SDM_Bowen_Island//Bird_mask/Carduelis.pinus_NAs_pu_mask.tif","Carduelis.pinus_NAs_pu_mask.tif",0.96399998664856,"Bird",16,0,"y"
"74","Carduelis tristis","RawData/2024_11_28_SDM_Bowen_Island//Bird_mask/Carduelis.tristis_NAs_pu_mask.tif","Carduelis.tristis_NAs_pu_mask.tif",0.967420399188995,"Bird",3,0,"y"
"75","Carpodacus cassinii","RawData/2024_11_28_SDM_Bowen_Island//Bird_mask/Carpodacus.cassinii_NAs_pu_mask.tif","Carpodacus.cassinii_NAs_pu_mask.tif",0.821140885353088,"Bird",0,0,NA
"76","Carpodacus mexicanus","RawData/2024_11_28_SDM_Bowen_Island//Bird_mask/Carpodacus.mexicanus_NAs_pu_mask.tif","Carpodacus.mexicanus_NAs_pu_mask.tif",0.983898043632507,"Bird",7,154,"y"
"77","Carpodacus purpureus","RawData/2024_11_28_SDM_Bowen_Island//Bird_mask/Carpodacus.purpureus_NAs_pu_mask.tif","Carpodacus.purpureus_NAs_pu_mask.tif",0.969802916049957,"Bird",3,110,"y"
"78","Cathartes aura","RawData/2024_11_28_SDM_Bowen_Island//Bird_mask/Cathartes.aura_NAs_pu_mask.tif","Cathartes.aura_NAs_pu_mask.tif",0.978658497333527,"Bird",21,548,"y"
"79","Catharus fuscescens","RawData/2024_11_28_SDM_Bowen_Island//Bird_mask/Catharus.fuscescens_NAs_pu_mask.tif","Catharus.fuscescens_NAs_pu_mask.tif",0.0703982934355736,"Bird",0,0,NA
"80","Catharus guttatus","RawData/2024_11_28_SDM_Bowen_Island//Bird_mask/Catharus.guttatus_NAs_pu_mask.tif","Catharus.guttatus_NAs_pu_mask.tif",0.938605785369873,"Bird",4,142,"y"
"81","Catharus ustulatus","RawData/2024_11_28_SDM_Bowen_Island//Bird_mask/Catharus.ustulatus_NAs_pu_mask.tif","Catharus.ustulatus_NAs_pu_mask.tif",0.950677037239075,"Bird",1,332,"y"
"82","Catherpes mexicanus","RawData/2024_11_28_SDM_Bowen_Island//Bird_mask/Catherpes.mexicanus_NAs_pu_mask.tif","Catherpes.mexicanus_NAs_pu_mask.tif",0.0863734632730484,"Bird",0,0,NA
"83","Catostomus catostomus","RawData/2024_11_28_SDM_Bowen_Island//Fish_mask/Catostomus.catostomus_NAs_pu_mask.tif","Catostomus.catostomus_NAs_pu_mask.tif",NA,"Fish",0,NA,NA
"84","Catostomus columbianus","RawData/2024_11_28_SDM_Bowen_Island//Fish_mask/Catostomus.columbianus_NAs_pu_mask.tif","Catostomus.columbianus_NAs_pu_mask.tif",NA,"Fish",0,NA,NA
"85","Catostomus commersonii","RawData/2024_11_28_SDM_Bowen_Island//Fish_mask/Catostomus.commersonii_NAs_pu_mask.tif","Catostomus.commersonii_NAs_pu_mask.tif",NA,"Fish",0,NA,NA
"86","Catostomus macrocheilus","RawData/2024_11_28_SDM_Bowen_Island//Fish_mask/Catostomus.macrocheilus_NAs_pu_mask.tif","Catostomus.macrocheilus_NAs_pu_mask.tif",NA,"Fish",0,NA,NA
"87","Cepphus columba","RawData/2024_11_28_SDM_Bowen_Island//Bird_mask/Cepphus.columba_NAs_pu_mask.tif","Cepphus.columba_NAs_pu_mask.tif",0.989753663539886,"Bird",3,85,"y"
"88","Cerorhinca monocerata","RawData/2024_11_28_SDM_Bowen_Island//Bird_mask/Cerorhinca.monocerata_NAs_pu_mask.tif","Cerorhinca.monocerata_NAs_pu_mask.tif",0.926760852336884,"Bird",6,54,"y"
"89","Certhia americana","RawData/2024_11_28_SDM_Bowen_Island//Bird_mask/Certhia.americana_NAs_pu_mask.tif","Certhia.americana_NAs_pu_mask.tif",0.975896716117859,"Bird",10,682,"y"
"90","Chaetura vauxi","RawData/2024_11_28_SDM_Bowen_Island//Bird_mask/Chaetura.vauxi_NAs_pu_mask.tif","Chaetura.vauxi_NAs_pu_mask.tif",0.969638645648956,"Bird",0,40,"y"
"91","Charadrius semipalmatus","RawData/2024_11_28_SDM_Bowen_Island//Bird_mask/Charadrius.semipalmatus_NAs_pu_mask.tif","Charadrius.semipalmatus_NAs_pu_mask.tif",0.920918822288513,"Bird",0,0,NA
"92","Charadrius vociferus","RawData/2024_11_28_SDM_Bowen_Island//Bird_mask/Charadrius.vociferus_NAs_pu_mask.tif","Charadrius.vociferus_NAs_pu_mask.tif",0.943398416042328,"Bird",1,8,"y"
"93","Chen caerulescens","RawData/2024_11_28_SDM_Bowen_Island//Bird_mask/Chen.caerulescens_NAs_pu_mask.tif","Chen.caerulescens_NAs_pu_mask.tif",0.976321041584015,"Bird",6,0,"y"
"94","Chlidonias niger","RawData/2024_11_28_SDM_Bowen_Island//Bird_mask/Chlidonias.niger_NAs_pu_mask.tif","Chlidonias.niger_NAs_pu_mask.tif",0.331655770540237,"Bird",0,0,NA
"95","Chondestes grammacus","RawData/2024_11_28_SDM_Bowen_Island//Bird_mask/Chondestes.grammacus_NAs_pu_mask.tif","Chondestes.grammacus_NAs_pu_mask.tif",0.718741476535797,"Bird",0,0,NA
"96","Chordeiles minor","RawData/2024_11_28_SDM_Bowen_Island//Bird_mask/Chordeiles.minor_NAs_pu_mask.tif","Chordeiles.minor_NAs_pu_mask.tif",0.956106543540955,"Bird",3,83,"y"
"97","Chroicocephalus philadelphia","RawData/2024_11_28_SDM_Bowen_Island//Bird_mask/Chroicocephalus.philadelphia_NAs_pu_mask.tif","Chroicocephalus.philadelphia_NAs_pu_mask.tif",0.965926826000214,"Bird",2,121,"y"
"98","Circus cyaneus","RawData/2024_11_28_SDM_Bowen_Island//Bird_mask/Circus.cyaneus_NAs_pu_mask.tif","Circus.cyaneus_NAs_pu_mask.tif",0.908272683620453,"Bird",0,9,"y"
"99","Cistothorus palustris","RawData/2024_11_28_SDM_Bowen_Island//Bird_mask/Cistothorus.palustris_NAs_pu_mask.tif","Cistothorus.palustris_NAs_pu_mask.tif",0.878269553184509,"Bird",0,17,"y"
"100","Clangula hyemalis","RawData/2024_11_28_SDM_Bowen_Island//Bird_mask/Clangula.hyemalis_NAs_pu_mask.tif","Clangula.hyemalis_NAs_pu_mask.tif",0.973388850688934,"Bird",1,18,"y"
"101","Coccothraustes vespertinus","RawData/2024_11_28_SDM_Bowen_Island//Bird_mask/Coccothraustes.vespertinus_NAs_pu_mask.tif","Coccothraustes.vespertinus_NAs_pu_mask.tif",0.950993835926056,"Bird",1,26,"y"
"102","Colaptes auratus","RawData/2024_11_28_SDM_Bowen_Island//Bird_mask/Colaptes.auratus_NAs_pu_mask.tif","Colaptes.auratus_NAs_pu_mask.tif",0.956302464008331,"Bird",30,1242,"y"
"103","Contopus cooperi","RawData/2024_11_28_SDM_Bowen_Island//Bird_mask/Contopus.cooperi_NAs_pu_mask.tif","Contopus.cooperi_NAs_pu_mask.tif",0.906397104263306,"Bird",1,61,"y"
"104","Contopus sordidulus","RawData/2024_11_28_SDM_Bowen_Island//Bird_mask/Contopus.sordidulus_NAs_pu_mask.tif","Contopus.sordidulus_NAs_pu_mask.tif",0.934829413890839,"Bird",0,47,"y"
"105","Coregonus clupeaformis","RawData/2024_11_28_SDM_Bowen_Island//Fish_mask/Coregonus.clupeaformis_NAs_pu_mask.tif","Coregonus.clupeaformis_NAs_pu_mask.tif",NA,"Fish",0,NA,NA
"106","Corvus brachyrhynchos","RawData/2024_11_28_SDM_Bowen_Island//Bird_mask/Corvus.brachyrhynchos_NAs_pu_mask.tif","Corvus.brachyrhynchos_NAs_pu_mask.tif",0.506167411804199,"Bird",27,1656,"y"
"107","Corvus caurinus","RawData/2024_11_28_SDM_Bowen_Island//Bird_mask/Corvus.caurinus_NAs_pu_mask.tif","Corvus.caurinus_NAs_pu_mask.tif",0.994000017642975,"Bird",7,0,"y"
"108","Corvus corax","RawData/2024_11_28_SDM_Bowen_Island//Bird_mask/Corvus.corax_NAs_pu_mask.tif","Corvus.corax_NAs_pu_mask.tif",0.967822432518005,"Bird",37,2197,"y"
"109","Cottus aleuticus","RawData/2024_11_28_SDM_Bowen_Island//Fish_mask/Cottus.aleuticus_NAs_pu_mask.tif","Cottus.aleuticus_NAs_pu_mask.tif",NA,"Fish",0,NA,NA
"110","Cottus asper","RawData/2024_11_28_SDM_Bowen_Island//Fish_mask/Cottus.asper_NAs_pu_mask.tif","Cottus.asper_NAs_pu_mask.tif",NA,"Fish",1,NA,NA
"111","Cottus cognatus","RawData/2024_11_28_SDM_Bowen_Island//Fish_mask/Cottus.cognatus_NAs_pu_mask.tif","Cottus.cognatus_NAs_pu_mask.tif",NA,"Fish",0,NA,NA
"112","Couesius plumbeus","RawData/2024_11_28_SDM_Bowen_Island//Fish_mask/Couesius.plumbeus_NAs_pu_mask.tif","Couesius.plumbeus_NAs_pu_mask.tif",NA,"Fish",0,NA,NA
"113","Cyanocitta cristata","RawData/2024_11_28_SDM_Bowen_Island//Bird_mask/Cyanocitta.cristata_NAs_pu_mask.tif","Cyanocitta.cristata_NAs_pu_mask.tif",0.640421807765961,"Bird",0,0,NA
"114","Cyanocitta stelleri","RawData/2024_11_28_SDM_Bowen_Island//Bird_mask/Cyanocitta.stelleri_NAs_pu_mask.tif","Cyanocitta.stelleri_NAs_pu_mask.tif",0.976000010967255,"Bird",16,631,"y"
"115","Cygnus buccinator","RawData/2024_11_28_SDM_Bowen_Island//Bird_mask/Cygnus.buccinator_NAs_pu_mask.tif","Cygnus.buccinator_NAs_pu_mask.tif",0.979647696018219,"Bird",1,31,"y"
"116","Cygnus columbianus","RawData/2024_11_28_SDM_Bowen_Island//Bird_mask/Cygnus.columbianus_NAs_pu_mask.tif","Cygnus.columbianus_NAs_pu_mask.tif",0.895585179328918,"Bird",0,3,"y"
"117","Cypseloides niger","RawData/2024_11_28_SDM_Bowen_Island//Bird_mask/Cypseloides.niger_NAs_pu_mask.tif","Cypseloides.niger_NAs_pu_mask.tif",0.969731867313385,"Bird",1,47,"y"
"118","Dendragapus fuliginosus","RawData/2024_11_28_SDM_Bowen_Island//Bird_mask/Dendragapus.fuliginosus_NAs_pu_mask.tif","Dendragapus.fuliginosus_NAs_pu_mask.tif",0.96399998664856,"Bird",1,8,"y"
"119","Dendragapus obscurus","RawData/2024_11_28_SDM_Bowen_Island//Bird_mask/Dendragapus.obscurus_NAs_pu_mask.tif","Dendragapus.obscurus_NAs_pu_mask.tif",0.924845099449158,"Bird",0,0,NA
"120","Dendroica petechia","RawData/2024_11_28_SDM_Bowen_Island//Bird_mask/Dendroica.petechia_NAs_pu_mask.tif","Dendroica.petechia_NAs_pu_mask.tif",0.946833729743958,"Bird",2,60,"y"
"121","Dendroica townsendi","RawData/2024_11_28_SDM_Bowen_Island//Bird_mask/Dendroica.townsendi_NAs_pu_mask.tif","Dendroica.townsendi_NAs_pu_mask.tif",0.954972624778748,"Bird",5,299,"y"
"122","Dolichonyx oryzivorus","RawData/2024_11_28_SDM_Bowen_Island//Bird_mask/Dolichonyx.oryzivorus_NAs_pu_mask.tif","Dolichonyx.oryzivorus_NAs_pu_mask.tif",0.396848767995834,"Bird",0,0,NA
"123","Dryocopus pileatus","RawData/2024_11_28_SDM_Bowen_Island//Bird_mask/Dryocopus.pileatus_NAs_pu_mask.tif","Dryocopus.pileatus_NAs_pu_mask.tif",0.967658221721649,"Bird",39,669,"y"
"124","Dumetella carolinensis","RawData/2024_11_28_SDM_Bowen_Island//Bird_mask/Dumetella.carolinensis_NAs_pu_mask.tif","Dumetella.carolinensis_NAs_pu_mask.tif",0.574160099029541,"Bird",0,2,"y"
"125","Empidonax alnorum","RawData/2024_11_28_SDM_Bowen_Island//Bird_mask/Empidonax.alnorum_NAs_pu_mask.tif","Empidonax.alnorum_NAs_pu_mask.tif",0.214846357703209,"Bird",0,0,NA
"126","Empidonax difficilis","RawData/2024_11_28_SDM_Bowen_Island//Bird_mask/Empidonax.difficilis_NAs_pu_mask.tif","Empidonax.difficilis_NAs_pu_mask.tif",0.97299998998642,"Bird",5,600,"y"
"127","Empidonax flaviventris","RawData/2024_11_28_SDM_Bowen_Island//Bird_mask/Empidonax.flaviventris_NAs_pu_mask.tif","Empidonax.flaviventris_NAs_pu_mask.tif",0.335999995470047,"Bird",0,0,NA
"128","Empidonax hammondii","RawData/2024_11_28_SDM_Bowen_Island//Bird_mask/Empidonax.hammondii_NAs_pu_mask.tif","Empidonax.hammondii_NAs_pu_mask.tif",0.947380423545837,"Bird",3,114,"y"
"129","Empidonax minimus","RawData/2024_11_28_SDM_Bowen_Island//Bird_mask/Empidonax.minimus_NAs_pu_mask.tif","Empidonax.minimus_NAs_pu_mask.tif",0.378771990537643,"Bird",0,0,NA
"130","Empidonax oberholseri","RawData/2024_11_28_SDM_Bowen_Island//Bird_mask/Empidonax.oberholseri_NAs_pu_mask.tif","Empidonax.oberholseri_NAs_pu_mask.tif",0.438104331493378,"Bird",0,0,NA
"131","Empidonax occidentalis","RawData/2024_11_28_SDM_Bowen_Island//Bird_mask/Empidonax.occidentalis_NAs_pu_mask.tif","Empidonax.occidentalis_NAs_pu_mask.tif",0.264921873807907,"Bird",4,0,NA
"132","Empidonax traillii","RawData/2024_11_28_SDM_Bowen_Island//Bird_mask/Empidonax.traillii_NAs_pu_mask.tif","Empidonax.traillii_NAs_pu_mask.tif",0.958747804164886,"Bird",4,133,"y"
"133","Empidonax wrightii","RawData/2024_11_28_SDM_Bowen_Island//Bird_mask/Empidonax.wrightii_NAs_pu_mask.tif","Empidonax.wrightii_NAs_pu_mask.tif",0.081123910844326,"Bird",0,0,NA
"134","Eremophila alpestris","RawData/2024_11_28_SDM_Bowen_Island//Bird_mask/Eremophila.alpestris_NAs_pu_mask.tif","Eremophila.alpestris_NAs_pu_mask.tif",0.922934949398041,"Bird",0,0,NA
"135","Esox lucius","RawData/2024_11_28_SDM_Bowen_Island//Fish_mask/Esox.lucius_NAs_pu_mask.tif","Esox.lucius_NAs_pu_mask.tif",NA,"Fish",0,NA,NA
"136","Euphagus carolinus","RawData/2024_11_28_SDM_Bowen_Island//Bird_mask/Euphagus.carolinus_NAs_pu_mask.tif","Euphagus.carolinus_NAs_pu_mask.tif",0.896221697330475,"Bird",0,0,NA
"137","Euphagus cyanocephalus","RawData/2024_11_28_SDM_Bowen_Island//Bird_mask/Euphagus.cyanocephalus_NAs_pu_mask.tif","Euphagus.cyanocephalus_NAs_pu_mask.tif",0.889998972415924,"Bird",0,8,"y"
"138","Falcipennis canadensis","RawData/2024_11_28_SDM_Bowen_Island//Bird_mask/Falcipennis.canadensis_NAs_pu_mask.tif","Falcipennis.canadensis_NAs_pu_mask.tif",0.534754037857056,"Bird",0,0,NA
"139","Falco columbarius","RawData/2024_11_28_SDM_Bowen_Island//Bird_mask/Falco.columbarius_NAs_pu_mask.tif","Falco.columbarius_NAs_pu_mask.tif",0.962234556674957,"Bird",6,110,"y"
"140","Falco mexicanus","RawData/2024_11_28_SDM_Bowen_Island//Bird_mask/Falco.mexicanus_NAs_pu_mask.tif","Falco.mexicanus_NAs_pu_mask.tif",0.42017588019371,"Bird",0,0,NA
"141","Falco peregrinus","RawData/2024_11_28_SDM_Bowen_Island//Bird_mask/Falco.peregrinus_NAs_pu_mask.tif","Falco.peregrinus_NAs_pu_mask.tif",0.98199999332428,"Bird",5,17,"y"
"142","Falco rusticolus","RawData/2024_11_28_SDM_Bowen_Island//Bird_mask/Falco.rusticolus_NAs_pu_mask.tif","Falco.rusticolus_NAs_pu_mask.tif",0.954539835453033,"Bird",0,0,NA
"143","Falco sparverius","RawData/2024_11_28_SDM_Bowen_Island//Bird_mask/Falco.sparverius_NAs_pu_mask.tif","Falco.sparverius_NAs_pu_mask.tif",0.915393173694611,"Bird",1,5,"y"
"144","Fulica americana","RawData/2024_11_28_SDM_Bowen_Island//Bird_mask/Fulica.americana_NAs_pu_mask.tif","Fulica.americana_NAs_pu_mask.tif",0.979339063167572,"Bird",3,112,"y"
"145","Gallinago delicata","RawData/2024_11_28_SDM_Bowen_Island//Bird_mask/Gallinago.delicata_NAs_pu_mask.tif","Gallinago.delicata_NAs_pu_mask.tif",0.905171751976013,"Bird",0,1,"y"
"146","Gasterosteus aculeatus","RawData/2024_11_28_SDM_Bowen_Island//Fish_mask/Gasterosteus.aculeatus_NAs_pu_mask.tif","Gasterosteus.aculeatus_NAs_pu_mask.tif",NA,"Fish",6,NA,NA
"147","Gavia immer","RawData/2024_11_28_SDM_Bowen_Island//Bird_mask/Gavia.immer_NAs_pu_mask.tif","Gavia.immer_NAs_pu_mask.tif",0.966967225074768,"Bird",9,287,"y"
"148","Gavia pacifica","RawData/2024_11_28_SDM_Bowen_Island//Bird_mask/Gavia.pacifica_NAs_pu_mask.tif","Gavia.pacifica_NAs_pu_mask.tif",0.982683062553406,"Bird",0,150,"y"
"149","Gavia stellata","RawData/2024_11_28_SDM_Bowen_Island//Bird_mask/Gavia.stellata_NAs_pu_mask.tif","Gavia.stellata_NAs_pu_mask.tif",0.984152674674988,"Bird",0,48,"y"
"150","Geothlypis tolmiei","RawData/2024_11_28_SDM_Bowen_Island//Bird_mask/Geothlypis.tolmiei_NAs_pu_mask.tif","Geothlypis.tolmiei_NAs_pu_mask.tif",0.950922787189484,"Bird",1,30,"y"
"151","Geothlypis trichas","RawData/2024_11_28_SDM_Bowen_Island//Bird_mask/Geothlypis.trichas_NAs_pu_mask.tif","Geothlypis.trichas_NAs_pu_mask.tif",0.931525349617004,"Bird",7,197,"y"
"152","Glaucidium gnoma","RawData/2024_11_28_SDM_Bowen_Island//Bird_mask/Glaucidium.gnoma_NAs_pu_mask.tif","Glaucidium.gnoma_NAs_pu_mask.tif",0.955154836177826,"Bird",1,2,"y"
"153","Glaucomys sabrinus","RawData/2024_11_28_SDM_Bowen_Island//MammalSmall_mask/Glaucomys.sabrinus_NAs_pu_mask.tif","Glaucomys.sabrinus_NAs_pu_mask.tif",0.762415945529938,"MammalSmall",1,NA,"y"
"154","Grus canadensis","RawData/2024_11_28_SDM_Bowen_Island//Bird_mask/Grus.canadensis_NAs_pu_mask.tif","Grus.canadensis_NAs_pu_mask.tif",0.750392258167267,"Bird",0,2,"y"
"155","Haematopus bachmani","RawData/2024_11_28_SDM_Bowen_Island//Bird_mask/Haematopus.bachmani_NAs_pu_mask.tif","Haematopus.bachmani_NAs_pu_mask.tif",0.99167412519455,"Bird",13,500,"y"
"156","Haliaeetus leucocephalus","RawData/2024_11_28_SDM_Bowen_Island//Bird_mask/Haliaeetus.leucocephalus_NAs_pu_mask.tif","Haliaeetus.leucocephalus_NAs_pu_mask.tif",0.976999998092651,"Bird",40,1176,"y"
"157","Himantopus mexicanus","RawData/2024_11_28_SDM_Bowen_Island//Bird_mask/Himantopus.mexicanus_NAs_pu_mask.tif","Himantopus.mexicanus_NAs_pu_mask.tif",0.778232574462891,"Bird",0,0,NA
"158","Hirundo rustica","RawData/2024_11_28_SDM_Bowen_Island//Bird_mask/Hirundo.rustica_NAs_pu_mask.tif","Hirundo.rustica_NAs_pu_mask.tif",0.958999991416931,"Bird",5,135,"y"
"159","Histrionicus histrionicus","RawData/2024_11_28_SDM_Bowen_Island//Bird_mask/Histrionicus.histrionicus_NAs_pu_mask.tif","Histrionicus.histrionicus_NAs_pu_mask.tif",0.981829941272736,"Bird",4,70,"y"
"160","Hydroprogne caspia","RawData/2024_11_28_SDM_Bowen_Island//Bird_mask/Hydroprogne.caspia_NAs_pu_mask.tif","Hydroprogne.caspia_NAs_pu_mask.tif",0.988474667072296,"Bird",0,14,"y"
"161","Icteria virens","RawData/2024_11_28_SDM_Bowen_Island//Bird_mask/Icteria.virens_NAs_pu_mask.tif","Icteria.virens_NAs_pu_mask.tif",NA,"Bird",0,0,NA
"162","Icterus bullockii","RawData/2024_11_28_SDM_Bowen_Island//Bird_mask/Icterus.bullockii_NAs_pu_mask.tif","Icterus.bullockii_NAs_pu_mask.tif",0.757929563522339,"Bird",0,4,"y"
"163","Icterus galbula","RawData/2024_11_28_SDM_Bowen_Island//Bird_mask/Icterus.galbula_NAs_pu_mask.tif","Icterus.galbula_NAs_pu_mask.tif",0.710072815418243,"Bird",0,0,NA
"164","Ixoreus naevius","RawData/2024_11_28_SDM_Bowen_Island//Bird_mask/Ixoreus.naevius_NAs_pu_mask.tif","Ixoreus.naevius_NAs_pu_mask.tif",0.973954081535339,"Bird",25,579,"y"
"165","Junco hyemalis","RawData/2024_11_28_SDM_Bowen_Island//Bird_mask/Junco.hyemalis_NAs_pu_mask.tif","Junco.hyemalis_NAs_pu_mask.tif",0.965332090854645,"Bird",31,1317,"y"
"166","Junco oregonus","RawData/2024_11_28_SDM_Bowen_Island//Bird_mask/Junco.oregonus_NAs_pu_mask.tif","Junco.oregonus_NAs_pu_mask.tif",0.671952188014984,"Bird",0,0,NA
"167","Lagopus lagopus","RawData/2024_11_28_SDM_Bowen_Island//Bird_mask/Lagopus.lagopus_NAs_pu_mask.tif","Lagopus.lagopus_NAs_pu_mask.tif",0.143788665533066,"Bird",3,0,NA
"168","Lagopus leucura","RawData/2024_11_28_SDM_Bowen_Island//Bird_mask/Lagopus.leucura_NAs_pu_mask.tif","Lagopus.leucura_NAs_pu_mask.tif",0.440188884735107,"Bird",0,0,NA
"169","Lagopus muta","RawData/2024_11_28_SDM_Bowen_Island//Bird_mask/Lagopus.muta_NAs_pu_mask.tif","Lagopus.muta_NAs_pu_mask.tif",0.411671817302704,"Bird",0,0,NA
"170","Lanius excubitor","RawData/2024_11_28_SDM_Bowen_Island//Bird_mask/Lanius.excubitor_NAs_pu_mask.tif","Lanius.excubitor_NAs_pu_mask.tif",0.944831907749176,"Bird",0,0,NA
"171","Larus argentatus","RawData/2024_11_28_SDM_Bowen_Island//Bird_mask/Larus.argentatus_NAs_pu_mask.tif","Larus.argentatus_NAs_pu_mask.tif",0.979273080825806,"Bird",0,23,"y"
"172","Larus californicus","RawData/2024_11_28_SDM_Bowen_Island//Bird_mask/Larus.californicus_NAs_pu_mask.tif","Larus.californicus_NAs_pu_mask.tif",0.974129140377045,"Bird",1,167,"y"
"173","Larus canus","RawData/2024_11_28_SDM_Bowen_Island//Bird_mask/Larus.canus_NAs_pu_mask.tif","Larus.canus_NAs_pu_mask.tif",0.989169538021088,"Bird",19,819,"y"
"174","Larus delawarensis","RawData/2024_11_28_SDM_Bowen_Island//Bird_mask/Larus.delawarensis_NAs_pu_mask.tif","Larus.delawarensis_NAs_pu_mask.tif",0.975586652755737,"Bird",4,115,"y"
"175","Larus glaucescens","RawData/2024_11_28_SDM_Bowen_Island//Bird_mask/Larus.glaucescens_NAs_pu_mask.tif","Larus.glaucescens_NAs_pu_mask.tif",0.992454469203949,"Bird",38,1887,"y"
"176","Larus hyperboreus","RawData/2024_11_28_SDM_Bowen_Island//Bird_mask/Larus.hyperboreus_NAs_pu_mask.tif","Larus.hyperboreus_NAs_pu_mask.tif",0.98199999332428,"Bird",0,0,NA
"177","Larus occidentalis","RawData/2024_11_28_SDM_Bowen_Island//Bird_mask/Larus.occidentalis_NAs_pu_mask.tif","Larus.occidentalis_NAs_pu_mask.tif",0.848313987255096,"Bird",15,2,"y"
"178","Larus thayeri","RawData/2024_11_28_SDM_Bowen_Island//Bird_mask/Larus.thayeri_NAs_pu_mask.tif","Larus.thayeri_NAs_pu_mask.tif",0.986000001430511,"Bird",0,0,NA
"179","Lemmus sibiricus","RawData/2024_11_28_SDM_Bowen_Island//MammalSmall_mask/Lemmus.sibiricus_NAs_pu_mask.tif","Lemmus.sibiricus_NAs_pu_mask.tif",NA,"MammalSmall",0,NA,NA
"180","Lepus americanus","RawData/2024_11_28_SDM_Bowen_Island//MammalSmall_mask/Lepus.americanus_NAs_pu_mask.tif","Lepus.americanus_NAs_pu_mask.tif",0.756226062774658,"MammalSmall",0,NA,NA
"181","Leucophaeus pipixcan","RawData/2024_11_28_SDM_Bowen_Island//Bird_mask/Leucophaeus.pipixcan_NAs_pu_mask.tif","Leucophaeus.pipixcan_NAs_pu_mask.tif",0.915409684181213,"Bird",0,0,NA
"182","Leucosticte tephrocotis","RawData/2024_11_28_SDM_Bowen_Island//Bird_mask/Leucosticte.tephrocotis_NAs_pu_mask.tif","Leucosticte.tephrocotis_NAs_pu_mask.tif",0.930850267410278,"Bird",0,0,NA
"183","Limnodromus griseus","RawData/2024_11_28_SDM_Bowen_Island//Bird_mask/Limnodromus.griseus_NAs_pu_mask.tif","Limnodromus.griseus_NAs_pu_mask.tif",0.972864627838135,"Bird",0,0,NA
"184","Limnodromus scolopaceus","RawData/2024_11_28_SDM_Bowen_Island//Bird_mask/Limnodromus.scolopaceus_NAs_pu_mask.tif","Limnodromus.scolopaceus_NAs_pu_mask.tif",0.962592422962189,"Bird",0,2,"y"
"185","Limosa haemastica","RawData/2024_11_28_SDM_Bowen_Island//Bird_mask/Limosa.haemastica_NAs_pu_mask.tif","Limosa.haemastica_NAs_pu_mask.tif",0.717210829257965,"Bird",0,0,NA
"186","Lophodytes cucullatus","RawData/2024_11_28_SDM_Bowen_Island//Bird_mask/Lophodytes.cucullatus_NAs_pu_mask.tif","Lophodytes.cucullatus_NAs_pu_mask.tif",0.98078590631485,"Bird",19,486,"y"
"187","Lota lota","RawData/2024_11_28_SDM_Bowen_Island//Fish_mask/Lota.lota_NAs_pu_mask.tif","Lota.lota_NAs_pu_mask.tif",NA,"Fish",0,NA,NA
"188","Loxia curvirostra","RawData/2024_11_28_SDM_Bowen_Island//Bird_mask/Loxia.curvirostra_NAs_pu_mask.tif","Loxia.curvirostra_NAs_pu_mask.tif",0.964999973773956,"Bird",3,218,"y"
"189","Loxia leucoptera","RawData/2024_11_28_SDM_Bowen_Island//Bird_mask/Loxia.leucoptera_NAs_pu_mask.tif","Loxia.leucoptera_NAs_pu_mask.tif",0.774999976158142,"Bird",0,0,NA
"190","Martes americana","RawData/2024_11_28_SDM_Bowen_Island//MammalSmall_mask/Martes.americana_NAs_pu_mask.tif","Martes.americana_NAs_pu_mask.tif",0.677999973297119,"MammalSmall",0,NA,NA
"191","Megaceryle alcyon","RawData/2024_11_28_SDM_Bowen_Island//Bird_mask/Megaceryle.alcyon_NAs_pu_mask.tif","Megaceryle.alcyon_NAs_pu_mask.tif",0.980617821216583,"Bird",8,761,"y"
"192","Megascops kennicottii","RawData/2024_11_28_SDM_Bowen_Island//Bird_mask/Megascops.kennicottii_NAs_pu_mask.tif","Megascops.kennicottii_NAs_pu_mask.tif",0.974827647209167,"Bird",0,0,NA
"193","Melanerpes lewis","RawData/2024_11_28_SDM_Bowen_Island//Bird_mask/Melanerpes.lewis_NAs_pu_mask.tif","Melanerpes.lewis_NAs_pu_mask.tif",0.806265950202942,"Bird",0,0,NA
"194","Melanitta fusca","RawData/2024_11_28_SDM_Bowen_Island//Bird_mask/Melanitta.fusca_NAs_pu_mask.tif","Melanitta.fusca_NAs_pu_mask.tif",0.979795396327972,"Bird",0,58,"y"
"195","Melanitta nigra","RawData/2024_11_28_SDM_Bowen_Island//Bird_mask/Melanitta.nigra_NAs_pu_mask.tif","Melanitta.nigra_NAs_pu_mask.tif",0.945422470569611,"Bird",1,28,"y"
"196","Melanitta perspicillata","RawData/2024_11_28_SDM_Bowen_Island//Bird_mask/Melanitta.perspicillata_NAs_pu_mask.tif","Melanitta.perspicillata_NAs_pu_mask.tif",0.986482858657837,"Bird",11,711,"y"
"197","Melospiza georgiana","RawData/2024_11_28_SDM_Bowen_Island//Bird_mask/Melospiza.georgiana_NAs_pu_mask.tif","Melospiza.georgiana_NAs_pu_mask.tif",0.939409077167511,"Bird",1,3,"y"
"198","Melospiza lincolnii","RawData/2024_11_28_SDM_Bowen_Island//Bird_mask/Melospiza.lincolnii_NAs_pu_mask.tif","Melospiza.lincolnii_NAs_pu_mask.tif",0.92952698469162,"Bird",2,31,"y"
"199","Melospiza melodia","RawData/2024_11_28_SDM_Bowen_Island//Bird_mask/Melospiza.melodia_NAs_pu_mask.tif","Melospiza.melodia_NAs_pu_mask.tif",0.972461402416229,"Bird",23,1509,"y"
"200","Mergus merganser","RawData/2024_11_28_SDM_Bowen_Island//Bird_mask/Mergus.merganser_NAs_pu_mask.tif","Mergus.merganser_NAs_pu_mask.tif",0.462999999523163,"Bird",38,945,NA
"201","Mergus serrator","RawData/2024_11_28_SDM_Bowen_Island//Bird_mask/Mergus.serrator_NAs_pu_mask.tif","Mergus.serrator_NAs_pu_mask.tif",0.985425591468811,"Bird",4,174,"y"
"202","Microtus longicaudus","RawData/2024_11_28_SDM_Bowen_Island//MammalSmall_mask/Microtus.longicaudus_NAs_pu_mask.tif","Microtus.longicaudus_NAs_pu_mask.tif",0.4852554500103,"MammalSmall",0,NA,NA
"203","Microtus pennsylvanicus","RawData/2024_11_28_SDM_Bowen_Island//MammalSmall_mask/Microtus.pennsylvanicus_NAs_pu_mask.tif","Microtus.pennsylvanicus_NAs_pu_mask.tif",0.299802154302597,"MammalSmall",0,NA,NA
"204","Microtus townsendii","RawData/2024_11_28_SDM_Bowen_Island//MammalSmall_mask/Microtus.townsendii_NAs_pu_mask.tif","Microtus.townsendii_NAs_pu_mask.tif",0.968206822872162,"MammalSmall",0,NA,"y"
"205","Mniotilta varia","RawData/2024_11_28_SDM_Bowen_Island//Bird_mask/Mniotilta.varia_NAs_pu_mask.tif","Mniotilta.varia_NAs_pu_mask.tif",0.912607073783875,"Bird",0,0,NA
"206","Molothrus ater","RawData/2024_11_28_SDM_Bowen_Island//Bird_mask/Molothrus.ater_NAs_pu_mask.tif","Molothrus.ater_NAs_pu_mask.tif",0.952000021934509,"Bird",10,120,"y"
"207","Mustela erminea","RawData/2024_11_28_SDM_Bowen_Island//MammalSmall_mask/Mustela.erminea_NAs_pu_mask.tif","Mustela.erminea_NAs_pu_mask.tif",0.637000024318695,"MammalSmall",0,NA,"y"
"208","Myadestes townsendi","RawData/2024_11_28_SDM_Bowen_Island//Bird_mask/Myadestes.townsendi_NAs_pu_mask.tif","Myadestes.townsendi_NAs_pu_mask.tif",0.932154655456543,"Bird",1,14,"y"
"209","Mylocheilus caurinus","RawData/2024_11_28_SDM_Bowen_Island//Fish_mask/Mylocheilus.caurinus_NAs_pu_mask.tif","Mylocheilus.caurinus_NAs_pu_mask.tif",NA,"Fish",0,NA,NA
"210","Myodes gapperi","RawData/2024_11_28_SDM_Bowen_Island//MammalSmall_mask/Myodes.gapperi_NAs_pu_mask.tif","Myodes.gapperi_NAs_pu_mask.tif",0.507533252239227,"MammalSmall",0,NA,NA
"211","Myodes rutilus","RawData/2024_11_28_SDM_Bowen_Island//MammalSmall_mask/Myodes.rutilus_NAs_pu_mask.tif","Myodes.rutilus_NAs_pu_mask.tif",0.0994087755680084,"MammalSmall",0,NA,NA
"212","Myotis lucifugus","RawData/2024_11_28_SDM_Bowen_Island//MammalSmall_mask/Myotis.lucifugus_NAs_pu_mask.tif","Myotis.lucifugus_NAs_pu_mask.tif",0.836000144481659,"MammalSmall",2,NA,"y"
"213","Neotoma cinerea","RawData/2024_11_28_SDM_Bowen_Island//MammalSmall_mask/Neotoma.cinerea_NAs_pu_mask.tif","Neotoma.cinerea_NAs_pu_mask.tif",0.542335510253906,"MammalSmall",0,NA,NA
"214","Neovison vison","RawData/2024_11_28_SDM_Bowen_Island//MammalSmall_mask/Neovison.vison_NAs_pu_mask.tif","Neovison.vison_NAs_pu_mask.tif",0.839226067066193,"MammalSmall",8,NA,"y"
"215","Nucifraga columbiana","RawData/2024_11_28_SDM_Bowen_Island//Bird_mask/Nucifraga.columbiana_NAs_pu_mask.tif","Nucifraga.columbiana_NAs_pu_mask.tif",0.13139209151268,"Bird",0,0,NA
"216","Numenius americanus","RawData/2024_11_28_SDM_Bowen_Island//Bird_mask/Numenius.americanus_NAs_pu_mask.tif","Numenius.americanus_NAs_pu_mask.tif",0.858626186847687,"Bird",0,0,NA
"217","Numenius phaeopus","RawData/2024_11_28_SDM_Bowen_Island//Bird_mask/Numenius.phaeopus_NAs_pu_mask.tif","Numenius.phaeopus_NAs_pu_mask.tif",0.964853823184967,"Bird",0,0,NA
"218","Ochotona princeps","RawData/2024_11_28_SDM_Bowen_Island//MammalSmall_mask/Ochotona.princeps_NAs_pu_mask.tif","Ochotona.princeps_NAs_pu_mask.tif",0.336079716682434,"MammalSmall",0,NA,NA
"219","Oncohynchus gorbuscha","RawData/2024_11_28_SDM_Bowen_Island//Fish_mask/Oncohynchus.gorbuscha_NAs_pu_mask.tif","Oncohynchus.gorbuscha_NAs_pu_mask.tif",NA,"Fish",0,NA,NA
"220","Oncorhynchus clarkia.clarkii","RawData/2024_11_28_SDM_Bowen_Island//Fish_mask/Oncorhynchus.clarkia.clarkii_NAs_pu_mask.tif","Oncorhynchus.clarkia.clarkii_NAs_pu_mask.tif",0.806999981403351,"Fish",0,NA,NA
"221","Oncorhynchus clarkia.lewisi","RawData/2024_11_28_SDM_Bowen_Island//Fish_mask/Oncorhynchus.clarkia.lewisi_NAs_pu_mask.tif","Oncorhynchus.clarkia.lewisi_NAs_pu_mask.tif",NA,"Fish",0,NA,NA
"222","Oncorhynchus keta","RawData/2024_11_28_SDM_Bowen_Island//Fish_mask/Oncorhynchus.keta_NAs_pu_mask.tif","Oncorhynchus.keta_NAs_pu_mask.tif",NA,"Fish",3,NA,NA
"223","Oncorhynchus kisutch","RawData/2024_11_28_SDM_Bowen_Island//Fish_mask/Oncorhynchus.kisutch_NAs_pu_mask.tif","Oncorhynchus.kisutch_NAs_pu_mask.tif",0.638999998569489,"Fish",5,NA,"y"
"224","Oncorhynchus mykiss","RawData/2024_11_28_SDM_Bowen_Island//Fish_mask/Oncorhynchus.mykiss_NAs_pu_mask.tif","Oncorhynchus.mykiss_NAs_pu_mask.tif",NA,"Fish",0,NA,NA
"225","Oncorhynchus nerka","RawData/2024_11_28_SDM_Bowen_Island//Fish_mask/Oncorhynchus.nerka_NAs_pu_mask.tif","Oncorhynchus.nerka_NAs_pu_mask.tif",NA,"Fish",0,NA,NA
"226","Oncorhynchus tshawytscha","RawData/2024_11_28_SDM_Bowen_Island//Fish_mask/Oncorhynchus.tshawytscha_NAs_pu_mask.tif","Oncorhynchus.tshawytscha_NAs_pu_mask.tif",0.185000002384186,"Fish",2,NA,NA
"227","Oreoscoptes montanus","RawData/2024_11_28_SDM_Bowen_Island//Bird_mask/Oreoscoptes.montanus_NAs_pu_mask.tif","Oreoscoptes.montanus_NAs_pu_mask.tif",0.868759274482727,"Bird",0,0,NA
"228","Oreothlypis celata","RawData/2024_11_28_SDM_Bowen_Island//Bird_mask/Oreothlypis.celata_NAs_pu_mask.tif","Oreothlypis.celata_NAs_pu_mask.tif",0.95010644197464,"Bird",8,176,"y"
"229","Oreothlypis peregrina","RawData/2024_11_28_SDM_Bowen_Island//Bird_mask/Oreothlypis.peregrina_NAs_pu_mask.tif","Oreothlypis.peregrina_NAs_pu_mask.tif",0.12611249089241,"Bird",0,0,NA
"230","Oreothlypis ruficapilla","RawData/2024_11_28_SDM_Bowen_Island//Bird_mask/Oreothlypis.ruficapilla_NAs_pu_mask.tif","Oreothlypis.ruficapilla_NAs_pu_mask.tif",0.795890808105469,"Bird",0,7,"y"
"231","Otus flammeolus","RawData/2024_11_28_SDM_Bowen_Island//Bird_mask/Otus.flammeolus_NAs_pu_mask.tif","Otus.flammeolus_NAs_pu_mask.tif",0.408010065555573,"Bird",0,0,NA
"232","Oxyura jamaicensis","RawData/2024_11_28_SDM_Bowen_Island//Bird_mask/Oxyura.jamaicensis_NAs_pu_mask.tif","Oxyura.jamaicensis_NAs_pu_mask.tif",0.936682462692261,"Bird",1,8,"y"
"233","Pandion haliaetus","RawData/2024_11_28_SDM_Bowen_Island//Bird_mask/Pandion.haliaetus_NAs_pu_mask.tif","Pandion.haliaetus_NAs_pu_mask.tif",0.954291462898254,"Bird",1,8,"y"
"234","Parkesia noveboracensis","RawData/2024_11_28_SDM_Bowen_Island//Bird_mask/Parkesia.noveboracensis_NAs_pu_mask.tif","Parkesia.noveboracensis_NAs_pu_mask.tif",0.390946686267853,"Bird",0,1,NA
"235","Passerculus sandwichensis","RawData/2024_11_28_SDM_Bowen_Island//Bird_mask/Passerculus.sandwichensis_NAs_pu_mask.tif","Passerculus.sandwichensis_NAs_pu_mask.tif",0.944592475891113,"Bird",4,40,"y"
"236","Passerella iliaca","RawData/2024_11_28_SDM_Bowen_Island//Bird_mask/Passerella.iliaca_NAs_pu_mask.tif","Passerella.iliaca_NAs_pu_mask.tif",0.982413828372955,"Bird",5,183,"y"
"237","Passerina amoena","RawData/2024_11_28_SDM_Bowen_Island//Bird_mask/Passerina.amoena_NAs_pu_mask.tif","Passerina.amoena_NAs_pu_mask.tif",0.912653386592865,"Bird",0,0,NA
"238","Patagioenas fasciata","RawData/2024_11_28_SDM_Bowen_Island//Bird_mask/Patagioenas.fasciata_NAs_pu_mask.tif","Patagioenas.fasciata_NAs_pu_mask.tif",0.990573704242706,"Bird",6,138,"y"
"239","Pelecanus erythrorhynchos","RawData/2024_11_28_SDM_Bowen_Island//Bird_mask/Pelecanus.erythrorhynchos_NAs_pu_mask.tif","Pelecanus.erythrorhynchos_NAs_pu_mask.tif",0.0812324434518814,"Bird",0,0,NA
"240","Percopsis omiscomaycus","RawData/2024_11_28_SDM_Bowen_Island//Fish_mask/Percopsis.omiscomaycus_NAs_pu_mask.tif","Percopsis.omiscomaycus_NAs_pu_mask.tif",NA,"Fish",0,NA,NA
"241","Perisoreus canadensis","RawData/2024_11_28_SDM_Bowen_Island//Bird_mask/Perisoreus.canadensis_NAs_pu_mask.tif","Perisoreus.canadensis_NAs_pu_mask.tif",0.736724257469177,"Bird",0,0,NA
"242","Peromyscus keeni","RawData/2024_11_28_SDM_Bowen_Island//Bird_mask/Peromyscus.keeni_NAs_pu_mask.tif","Peromyscus.keeni_NAs_pu_mask.tif",0.815999984741211,"Bird",0,0,"y"
"243","Peromyscus maniculatus","RawData/2024_11_28_SDM_Bowen_Island//Bird_mask/Peromyscus.maniculatus_NAs_pu_mask.tif","Peromyscus.maniculatus_NAs_pu_mask.tif",0.946344912052155,"Bird",7,0,"y"
"244","Petrochelidon pyrrhonota","RawData/2024_11_28_SDM_Bowen_Island//Bird_mask/Petrochelidon.pyrrhonota_NAs_pu_mask.tif","Petrochelidon.pyrrhonota_NAs_pu_mask.tif",0.905900359153748,"Bird",0,5,"y"
"245","Phalacrocorax auritus","RawData/2024_11_28_SDM_Bowen_Island//Bird_mask/Phalacrocorax.auritus_NAs_pu_mask.tif","Phalacrocorax.auritus_NAs_pu_mask.tif",0.976000010967255,"Bird",18,979,"y"
"246","Phalacrocorax pelagicus","RawData/2024_11_28_SDM_Bowen_Island//Bird_mask/Phalacrocorax.pelagicus_NAs_pu_mask.tif","Phalacrocorax.pelagicus_NAs_pu_mask.tif",0.994503617286682,"Bird",5,898,"y"
"247","Phalacrocorax penicillatus","RawData/2024_11_28_SDM_Bowen_Island//Bird_mask/Phalacrocorax.penicillatus_NAs_pu_mask.tif","Phalacrocorax.penicillatus_NAs_pu_mask.tif",0.988102197647095,"Bird",3,153,"y"
"248","Phalaenoptilus nuttallii","RawData/2024_11_28_SDM_Bowen_Island//Bird_mask/Phalaenoptilus.nuttallii_NAs_pu_mask.tif","Phalaenoptilus.nuttallii_NAs_pu_mask.tif",0.111841395497322,"Bird",0,0,NA
"249","Phalaropus lobatus","RawData/2024_11_28_SDM_Bowen_Island//Bird_mask/Phalaropus.lobatus_NAs_pu_mask.tif","Phalaropus.lobatus_NAs_pu_mask.tif",0.92915415763855,"Bird",0,2,"y"
"250","Phalaropus tricolor","RawData/2024_11_28_SDM_Bowen_Island//Bird_mask/Phalaropus.tricolor_NAs_pu_mask.tif","Phalaropus.tricolor_NAs_pu_mask.tif",0.737091243267059,"Bird",0,0,NA
"251","Phenacomys intermedius","RawData/2024_11_28_SDM_Bowen_Island//MammalSmall_mask/Phenacomys.intermedius_NAs_pu_mask.tif","Phenacomys.intermedius_NAs_pu_mask.tif",0.374000012874603,"MammalSmall",0,NA,NA
"252","Pheucticus ludovicianus","RawData/2024_11_28_SDM_Bowen_Island//Bird_mask/Pheucticus.ludovicianus_NAs_pu_mask.tif","Pheucticus.ludovicianus_NAs_pu_mask.tif",0.713188886642456,"Bird",0,0,NA
"253","Pheucticus melanocephalus","RawData/2024_11_28_SDM_Bowen_Island//Bird_mask/Pheucticus.melanocephalus_NAs_pu_mask.tif","Pheucticus.melanocephalus_NAs_pu_mask.tif",0.964148879051208,"Bird",7,236,"y"
"254","Pica hudsonia","RawData/2024_11_28_SDM_Bowen_Island//Bird_mask/Pica.hudsonia_NAs_pu_mask.tif","Pica.hudsonia_NAs_pu_mask.tif",NA,"Bird",0,1,NA
"255","Picoides arcticus","RawData/2024_11_28_SDM_Bowen_Island//Bird_mask/Picoides.arcticus_NAs_pu_mask.tif","Picoides.arcticus_NAs_pu_mask.tif",0.407142341136932,"Bird",0,0,NA
"256","Picoides dorsalis","RawData/2024_11_28_SDM_Bowen_Island//Bird_mask/Picoides.dorsalis_NAs_pu_mask.tif","Picoides.dorsalis_NAs_pu_mask.tif",0.19200000166893,"Bird",0,0,NA
"257","Picoides pubescens","RawData/2024_11_28_SDM_Bowen_Island//Bird_mask/Picoides.pubescens_NAs_pu_mask.tif","Picoides.pubescens_NAs_pu_mask.tif",0.876999974250793,"Bird",2,217,"y"
"258","Picoides villosus","RawData/2024_11_28_SDM_Bowen_Island//Bird_mask/Picoides.villosus_NAs_pu_mask.tif","Picoides.villosus_NAs_pu_mask.tif",0.962324261665344,"Bird",11,217,"y"
"259","Pinicola enucleator","RawData/2024_11_28_SDM_Bowen_Island//Bird_mask/Pinicola.enucleator_NAs_pu_mask.tif","Pinicola.enucleator_NAs_pu_mask.tif",0.739342331886292,"Bird",0,0,NA
"260","Pipilo maculatus","RawData/2024_11_28_SDM_Bowen_Island//Bird_mask/Pipilo.maculatus_NAs_pu_mask.tif","Pipilo.maculatus_NAs_pu_mask.tif",0.984707057476044,"Bird",22,1894,"y"
"261","Piranga ludoviciana","RawData/2024_11_28_SDM_Bowen_Island//Bird_mask/Piranga.ludoviciana_NAs_pu_mask.tif","Piranga.ludoviciana_NAs_pu_mask.tif",0.943673372268677,"Bird",2,252,"y"
"262","Plectrophenax nivalis","RawData/2024_11_28_SDM_Bowen_Island//Bird_mask/Plectrophenax.nivalis_NAs_pu_mask.tif","Plectrophenax.nivalis_NAs_pu_mask.tif",0.969124555587769,"Bird",0,0,NA
"263","Plethodon vehiculum","RawData/2024_11_28_SDM_Bowen_Island//Amphibian_mask/Plethodon.vehiculum_NAs_pu_mask.tif","Plethodon.vehiculum_NAs_pu_mask.tif",0.979377627372742,"Amphibian",0,NA,NA
"264","Pluvialis dominica","RawData/2024_11_28_SDM_Bowen_Island//Bird_mask/Pluvialis.dominica_NAs_pu_mask.tif","Pluvialis.dominica_NAs_pu_mask.tif",0.782590568065643,"Bird",0,0,NA
"265","Pluvialis squatarola","RawData/2024_11_28_SDM_Bowen_Island//Bird_mask/Pluvialis.squatarola_NAs_pu_mask.tif","Pluvialis.squatarola_NAs_pu_mask.tif",0.958466649055481,"Bird",0,0,NA
"266","Podiceps auritus","RawData/2024_11_28_SDM_Bowen_Island//Bird_mask/Podiceps.auritus_NAs_pu_mask.tif","Podiceps.auritus_NAs_pu_mask.tif",0.967844724655151,"Bird",5,504,"y"
"267","Podiceps grisegena","RawData/2024_11_28_SDM_Bowen_Island//Bird_mask/Podiceps.grisegena_NAs_pu_mask.tif","Podiceps.grisegena_NAs_pu_mask.tif",0.970436811447144,"Bird",3,442,"y"
"268","Podiceps nigricollis","RawData/2024_11_28_SDM_Bowen_Island//Bird_mask/Podiceps.nigricollis_NAs_pu_mask.tif","Podiceps.nigricollis_NAs_pu_mask.tif",0.885298788547516,"Bird",0,3,"y"
"269","Podilymbus podiceps","RawData/2024_11_28_SDM_Bowen_Island//Bird_mask/Podilymbus.podiceps_NAs_pu_mask.tif","Podilymbus.podiceps_NAs_pu_mask.tif",0.980264723300934,"Bird",12,652,"y"
"270","Poecile gambeli","RawData/2024_11_28_SDM_Bowen_Island//Bird_mask/Poecile.gambeli_NAs_pu_mask.tif","Poecile.gambeli_NAs_pu_mask.tif",0.224358811974525,"Bird",0,0,NA
"271","Poecile hudsonica","RawData/2024_11_28_SDM_Bowen_Island//Bird_mask/Poecile.hudsonica_NAs_pu_mask.tif","Poecile.hudsonica_NAs_pu_mask.tif",0.532988250255585,"Bird",0,0,NA
"272","Poecile rufescens","RawData/2024_11_28_SDM_Bowen_Island//Bird_mask/Poecile.rufescens_NAs_pu_mask.tif","Poecile.rufescens_NAs_pu_mask.tif",0.984914302825928,"Bird",11,1304,"y"
"273","Pooecetes gramineus","RawData/2024_11_28_SDM_Bowen_Island//Bird_mask/Pooecetes.gramineus_NAs_pu_mask.tif","Pooecetes.gramineus_NAs_pu_mask.tif",0.555886924266815,"Bird",0,0,NA
"274","Porzana carolina","RawData/2024_11_28_SDM_Bowen_Island//Bird_mask/Porzana.carolina_NAs_pu_mask.tif","Porzana.carolina_NAs_pu_mask.tif",0.789125919342041,"Bird",2,1,"y"
"275","Progne subis","RawData/2024_11_28_SDM_Bowen_Island//Bird_mask/Progne.subis_NAs_pu_mask.tif","Progne.subis_NAs_pu_mask.tif",0.730114758014679,"Bird",0,18,"y"
"276","Prosopium coulterii","RawData/2024_11_28_SDM_Bowen_Island//Fish_mask/Prosopium.coulterii_NAs_pu_mask.tif","Prosopium.coulterii_NAs_pu_mask.tif",NA,"Fish",0,NA,NA
"277","Prosopium williamsoni","RawData/2024_11_28_SDM_Bowen_Island//Fish_mask/Prosopium.williamsoni_NAs_pu_mask.tif","Prosopium.williamsoni_NAs_pu_mask.tif",NA,"Fish",0,NA,NA
"278","Psaltriparus minimus","RawData/2024_11_28_SDM_Bowen_Island//Bird_mask/Psaltriparus.minimus_NAs_pu_mask.tif","Psaltriparus.minimus_NAs_pu_mask.tif",0.824826538562775,"Bird",0,37,"y"
"279","Pseudacris regilla","RawData/2024_11_28_SDM_Bowen_Island//Amphibian_mask/Pseudacris.regilla_NAs_pu_mask.tif","Pseudacris.regilla_NAs_pu_mask.tif",0.935999989509583,"Amphibian",57,NA,"y"
"280","Ptychocheilus oregonensis","RawData/2024_11_28_SDM_Bowen_Island//Fish_mask/Ptychocheilus.oregonensis_NAs_pu_mask.tif","Ptychocheilus.oregonensis_NAs_pu_mask.tif",NA,"Fish",0,NA,NA
"281","Quiscalus quiscula","RawData/2024_11_28_SDM_Bowen_Island//Bird_mask/Quiscalus.quiscula_NAs_pu_mask.tif","Quiscalus.quiscula_NAs_pu_mask.tif",0.547714710235596,"Bird",0,0,NA
"282","Rallus limicola","RawData/2024_11_28_SDM_Bowen_Island//Bird_mask/Rallus.limicola_NAs_pu_mask.tif","Rallus.limicola_NAs_pu_mask.tif",0.970397591590881,"Bird",2,102,"y"
"283","Rana aurora","RawData/2024_11_28_SDM_Bowen_Island//Amphibian_mask/Rana.aurora_NAs_pu_mask.tif","Rana.aurora_NAs_pu_mask.tif",0.844462215900421,"Amphibian",175,NA,"y"
"284","Rana luteiventris","RawData/2024_11_28_SDM_Bowen_Island//Amphibian_mask/Rana.luteiventris_NAs_pu_mask.tif","Rana.luteiventris_NAs_pu_mask.tif",0.457120180130005,"Amphibian",0,NA,NA
"285","Recurvirostra americana","RawData/2024_11_28_SDM_Bowen_Island//Bird_mask/Recurvirostra.americana_NAs_pu_mask.tif","Recurvirostra.americana_NAs_pu_mask.tif",0.545778930187225,"Bird",0,0,NA
"286","Regulus calendula","RawData/2024_11_28_SDM_Bowen_Island//Bird_mask/Regulus.calendula_NAs_pu_mask.tif","Regulus.calendula_NAs_pu_mask.tif",0.960915982723236,"Bird",3,381,"y"
"287","Regulus satrapa","RawData/2024_11_28_SDM_Bowen_Island//Bird_mask/Regulus.satrapa_NAs_pu_mask.tif","Regulus.satrapa_NAs_pu_mask.tif",0.969849824905396,"Bird",11,951,"y"
"288","Rhinichthys cataractae","RawData/2024_11_28_SDM_Bowen_Island//Fish_mask/Rhinichthys.cataractae_NAs_pu_mask.tif","Rhinichthys.cataractae_NAs_pu_mask.tif",NA,"Fish",0,NA,NA
"289","Rhinichtys falcatus","RawData/2024_11_28_SDM_Bowen_Island//Fish_mask/Rhinichtys.falcatus_NAs_pu_mask.tif","Rhinichtys.falcatus_NAs_pu_mask.tif",NA,"Fish",0,NA,NA
"290","Richardsonius balteatus","RawData/2024_11_28_SDM_Bowen_Island//Fish_mask/Richardsonius.balteatus_NAs_pu_mask.tif","Richardsonius.balteatus_NAs_pu_mask.tif",NA,"Fish",0,NA,NA
"291","Riparia riparia","RawData/2024_11_28_SDM_Bowen_Island//Bird_mask/Riparia.riparia_NAs_pu_mask.tif","Riparia.riparia_NAs_pu_mask.tif",0.878642678260803,"Bird",5,0,"y"
"292","Salpinctes obsoletus","RawData/2024_11_28_SDM_Bowen_Island//Bird_mask/Salpinctes.obsoletus_NAs_pu_mask.tif","Salpinctes.obsoletus_NAs_pu_mask.tif",0.549632549285889,"Bird",0,0,NA
"293","Salvelinus confluentus","RawData/2024_11_28_SDM_Bowen_Island//Fish_mask/Salvelinus.confluentus_NAs_pu_mask.tif","Salvelinus.confluentus_NAs_pu_mask.tif",0.481000006198883,"Fish",0,NA,NA
"294","Salvelinus malma","RawData/2024_11_28_SDM_Bowen_Island//Fish_mask/Salvelinus.malma_NAs_pu_mask.tif","Salvelinus.malma_NAs_pu_mask.tif",0.524999976158142,"Fish",0,NA,NA
"295","Salvelinus namaycush","RawData/2024_11_28_SDM_Bowen_Island//Fish_mask/Salvelinus.namaycush_NAs_pu_mask.tif","Salvelinus.namaycush_NAs_pu_mask.tif",NA,"Fish",0,NA,NA
"296","Sander vitreus","RawData/2024_11_28_SDM_Bowen_Island//Fish_mask/Sander.vitreus_NAs_pu_mask.tif","Sander.vitreus_NAs_pu_mask.tif",NA,"Fish",0,NA,NA
"297","Sayornis phoebe","RawData/2024_11_28_SDM_Bowen_Island//Bird_mask/Sayornis.phoebe_NAs_pu_mask.tif","Sayornis.phoebe_NAs_pu_mask.tif",0.502685546875,"Bird",0,0,NA
"298","Sayornis saya","RawData/2024_11_28_SDM_Bowen_Island//Bird_mask/Sayornis.saya_NAs_pu_mask.tif","Sayornis.saya_NAs_pu_mask.tif",0.704894721508026,"Bird",1,0,"y"
"299","Seiurus aurocapilla","RawData/2024_11_28_SDM_Bowen_Island//Bird_mask/Seiurus.aurocapilla_NAs_pu_mask.tif","Seiurus.aurocapilla_NAs_pu_mask.tif",0.139302775263786,"Bird",0,0,NA
"300","Seiurus noveboracensis","RawData/2024_11_28_SDM_Bowen_Island//Bird_mask/Seiurus.noveboracensis_NAs_pu_mask.tif","Seiurus.noveboracensis_NAs_pu_mask.tif",0.167682141065598,"Bird",0,0,NA
"301","Selasphorus calliope","RawData/2024_11_28_SDM_Bowen_Island//Bird_mask/Selasphorus.calliope_NAs_pu_mask.tif","Selasphorus.calliope_NAs_pu_mask.tif",0.192528501152992,"Bird",0,0,NA
"302","Selasphorus rufus","RawData/2024_11_28_SDM_Bowen_Island//Bird_mask/Selasphorus.rufus_NAs_pu_mask.tif","Selasphorus.rufus_NAs_pu_mask.tif",0.958108842372894,"Bird",17,393,"y"
"303","Setophaga auduboni","RawData/2024_11_28_SDM_Bowen_Island//Bird_mask/Setophaga.auduboni_NAs_pu_mask.tif","Setophaga.auduboni_NAs_pu_mask.tif",0.289546281099319,"Bird",13,0,NA
"304","Setophaga coronata","RawData/2024_11_28_SDM_Bowen_Island//Bird_mask/Setophaga.coronata_NAs_pu_mask.tif","Setophaga.coronata_NAs_pu_mask.tif",0.9524045586586,"Bird",26,463,"y"
"305","Setophaga magnolia","RawData/2024_11_28_SDM_Bowen_Island//Bird_mask/Setophaga.magnolia_NAs_pu_mask.tif","Setophaga.magnolia_NAs_pu_mask.tif",0.157120168209076,"Bird",0,0,NA
"306","Setophaga nigrescens","RawData/2024_11_28_SDM_Bowen_Island//Bird_mask/Setophaga.nigrescens_NAs_pu_mask.tif","Setophaga.nigrescens_NAs_pu_mask.tif",0.989978849887848,"Bird",4,341,"y"
"307","Setophaga ruticilla","RawData/2024_11_28_SDM_Bowen_Island//Bird_mask/Setophaga.ruticilla_NAs_pu_mask.tif","Setophaga.ruticilla_NAs_pu_mask.tif",0.603243827819824,"Bird",0,0,NA
"308","Setophaga striata","RawData/2024_11_28_SDM_Bowen_Island//Bird_mask/Setophaga.striata_NAs_pu_mask.tif","Setophaga.striata_NAs_pu_mask.tif",0.125193193554878,"Bird",0,0,NA
"309","Sialia currucoides","RawData/2024_11_28_SDM_Bowen_Island//Bird_mask/Sialia.currucoides_NAs_pu_mask.tif","Sialia.currucoides_NAs_pu_mask.tif",0.742688179016113,"Bird",0,1,"y"
"310","Sialia mexicana","RawData/2024_11_28_SDM_Bowen_Island//Bird_mask/Sialia.mexicana_NAs_pu_mask.tif","Sialia.mexicana_NAs_pu_mask.tif",0.304531872272491,"Bird",0,1,NA
"311","Sitta canadensis","RawData/2024_11_28_SDM_Bowen_Island//Bird_mask/Sitta.canadensis_NAs_pu_mask.tif","Sitta.canadensis_NAs_pu_mask.tif",0.964747130870819,"Bird",10,1064,"y"
"312","Sitta carolinensis","RawData/2024_11_28_SDM_Bowen_Island//Bird_mask/Sitta.carolinensis_NAs_pu_mask.tif","Sitta.carolinensis_NAs_pu_mask.tif",NA,"Bird",0,0,NA
"313","Sitta pygmaea","RawData/2024_11_28_SDM_Bowen_Island//Bird_mask/Sitta.pygmaea_NAs_pu_mask.tif","Sitta.pygmaea_NAs_pu_mask.tif",NA,"Bird",0,0,NA
"314","Sorex cinereus","RawData/2024_11_28_SDM_Bowen_Island//MammalSmall_mask/Sorex.cinereus_NAs_pu_mask.tif","Sorex.cinereus_NAs_pu_mask.tif",0.534600973129272,"MammalSmall",0,NA,"y"
"315","Sorex monticolus","RawData/2024_11_28_SDM_Bowen_Island//MammalSmall_mask/Sorex.monticolus_NAs_pu_mask.tif","Sorex.monticolus_NAs_pu_mask.tif",0.94279807806015,"MammalSmall",0,NA,"y"
"316","Spea hammondii","RawData/2024_11_28_SDM_Bowen_Island//Amphibian_mask/Spea.hammondii_NAs_pu_mask.tif","Spea.hammondii_NAs_pu_mask.tif",NA,"Amphibian",0,NA,NA
"317","Sphyrapicus nuchalis","RawData/2024_11_28_SDM_Bowen_Island//Bird_mask/Sphyrapicus.nuchalis_NAs_pu_mask.tif","Sphyrapicus.nuchalis_NAs_pu_mask.tif",0.10554163902998,"Bird",0,0,NA
"318","Sphyrapicus ruber","RawData/2024_11_28_SDM_Bowen_Island//Bird_mask/Sphyrapicus.ruber_NAs_pu_mask.tif","Sphyrapicus.ruber_NAs_pu_mask.tif",0.96399998664856,"Bird",27,318,"y"
"319","Sphyrapicus thyroideus","RawData/2024_11_28_SDM_Bowen_Island//Bird_mask/Sphyrapicus.thyroideus_NAs_pu_mask.tif","Sphyrapicus.thyroideus_NAs_pu_mask.tif",0.0585541129112244,"Bird",0,0,NA
"320","Spinus pinus","RawData/2024_11_28_SDM_Bowen_Island//Bird_mask/Spinus.pinus_NAs_pu_mask.tif","Spinus.pinus_NAs_pu_mask.tif",0.516010761260986,"Bird",16,608,"y"
"321","Spinus tristis","RawData/2024_11_28_SDM_Bowen_Island//Bird_mask/Spinus.tristis_NAs_pu_mask.tif","Spinus.tristis_NAs_pu_mask.tif",0.931414663791656,"Bird",3,193,"y"
"322","Spizella arborea","RawData/2024_11_28_SDM_Bowen_Island//Bird_mask/Spizella.arborea_NAs_pu_mask.tif","Spizella.arborea_NAs_pu_mask.tif",0.954563498497009,"Bird",0,0,NA
"323","Spizella breweri","RawData/2024_11_28_SDM_Bowen_Island//Bird_mask/Spizella.breweri_NAs_pu_mask.tif","Spizella.breweri_NAs_pu_mask.tif",0.548634052276611,"Bird",0,0,NA
"324","Spizella pallida","RawData/2024_11_28_SDM_Bowen_Island//Bird_mask/Spizella.pallida_NAs_pu_mask.tif","Spizella.pallida_NAs_pu_mask.tif",0.444740623235703,"Bird",0,0,NA
"325","Spizella passerina","RawData/2024_11_28_SDM_Bowen_Island//Bird_mask/Spizella.passerina_NAs_pu_mask.tif","Spizella.passerina_NAs_pu_mask.tif",0.833959579467773,"Bird",1,5,"y"
"326","Stelgidopteryx serripennis","RawData/2024_11_28_SDM_Bowen_Island//Bird_mask/Stelgidopteryx.serripennis_NAs_pu_mask.tif","Stelgidopteryx.serripennis_NAs_pu_mask.tif",0.943975746631622,"Bird",3,89,"y"
"327","Stercorarius parasiticus","RawData/2024_11_28_SDM_Bowen_Island//Bird_mask/Stercorarius.parasiticus_NAs_pu_mask.tif","Stercorarius.parasiticus_NAs_pu_mask.tif",0.979734361171722,"Bird",0,4,"y"
"328","Sterna forsteri","RawData/2024_11_28_SDM_Bowen_Island//Bird_mask/Sterna.forsteri_NAs_pu_mask.tif","Sterna.forsteri_NAs_pu_mask.tif",0.321275800466537,"Bird",0,0,NA
"329","Sterna hirundo","RawData/2024_11_28_SDM_Bowen_Island//Bird_mask/Sterna.hirundo_NAs_pu_mask.tif","Sterna.hirundo_NAs_pu_mask.tif",0.982574462890625,"Bird",0,0,NA
"330","Sterna paradisaea","RawData/2024_11_28_SDM_Bowen_Island//Bird_mask/Sterna.paradisaea_NAs_pu_mask.tif","Sterna.paradisaea_NAs_pu_mask.tif",0.644762098789215,"Bird",0,0,NA
"331","Strix nebulosa","RawData/2024_11_28_SDM_Bowen_Island//Bird_mask/Strix.nebulosa_NAs_pu_mask.tif","Strix.nebulosa_NAs_pu_mask.tif",0.954999983310699,"Bird",0,0,NA
"332","Strix varia","RawData/2024_11_28_SDM_Bowen_Island//Bird_mask/Strix.varia_NAs_pu_mask.tif","Strix.varia_NAs_pu_mask.tif",0.97299998998642,"Bird",48,264,"y"
"333","Sturnella neglecta","RawData/2024_11_28_SDM_Bowen_Island//Bird_mask/Sturnella.neglecta_NAs_pu_mask.tif","Sturnella.neglecta_NAs_pu_mask.tif",0.877805829048157,"Bird",0,0,NA
"334","Surnia ulula","RawData/2024_11_28_SDM_Bowen_Island//Bird_mask/Surnia.ulula_NAs_pu_mask.tif","Surnia.ulula_NAs_pu_mask.tif",0.706494987010956,"Bird",0,0,NA
"335","Synthliboramphus antiquus","RawData/2024_11_28_SDM_Bowen_Island//Bird_mask/Synthliboramphus.antiquus_NAs_pu_mask.tif","Synthliboramphus.antiquus_NAs_pu_mask.tif",0.980401456356049,"Bird",1,8,"y"
"336","Tachycineta bicolor","RawData/2024_11_28_SDM_Bowen_Island//Bird_mask/Tachycineta.bicolor_NAs_pu_mask.tif","Tachycineta.bicolor_NAs_pu_mask.tif",0.926999986171722,"Bird",4,474,"y"
"337","Taricha granulosa","RawData/2024_11_28_SDM_Bowen_Island//Amphibian_mask/Taricha.granulosa_NAs_pu_mask.tif","Taricha.granulosa_NAs_pu_mask.tif",0.973999977111816,"Amphibian",73,NA,"y"
"338","Thamnophis elegans","RawData/2024_11_28_SDM_Bowen_Island//Reptile_mask/Thamnophis.elegans_NAs_pu_mask.tif","Thamnophis.elegans_NAs_pu_mask.tif",0.973999977111816,"Reptile",42,NA,"y"
"339","Thamnophis ordinoides","RawData/2024_11_28_SDM_Bowen_Island//Reptile_mask/Thamnophis.ordinoides_NAs_pu_mask.tif","Thamnophis.ordinoides_NAs_pu_mask.tif",0.987679719924927,"Reptile",50,NA,"y"
"340","Thamnophis sirtalis","RawData/2024_11_28_SDM_Bowen_Island//Reptile_mask/Thamnophis.sirtalis_NAs_pu_mask.tif","Thamnophis.sirtalis_NAs_pu_mask.tif",0.958000004291534,"Reptile",53,NA,"y"
"341","Thomomys talpoides","RawData/2024_11_28_SDM_Bowen_Island//MammalSmall_mask/Thomomys.talpoides_NAs_pu_mask.tif","Thomomys.talpoides_NAs_pu_mask.tif",NA,"MammalSmall",0,NA,NA
"342","Thryomanes bewickii","RawData/2024_11_28_SDM_Bowen_Island//Bird_mask/Thryomanes.bewickii_NAs_pu_mask.tif","Thryomanes.bewickii_NAs_pu_mask.tif",0.694237053394318,"Bird",0,18,"y"
"343","Thymallus arcticus","RawData/2024_11_28_SDM_Bowen_Island//Fish_mask/Thymallus.arcticus_NAs_pu_mask.tif","Thymallus.arcticus_NAs_pu_mask.tif",NA,"Fish",0,NA,NA
"344","Tringa flavipes","RawData/2024_11_28_SDM_Bowen_Island//Bird_mask/Tringa.flavipes_NAs_pu_mask.tif","Tringa.flavipes_NAs_pu_mask.tif",0.916512310504913,"Bird",0,0,NA
"345","Tringa incana","RawData/2024_11_28_SDM_Bowen_Island//Bird_mask/Tringa.incana_NAs_pu_mask.tif","Tringa.incana_NAs_pu_mask.tif",0.982999980449677,"Bird",0,1,"y"
"346","Tringa melanoleuca","RawData/2024_11_28_SDM_Bowen_Island//Bird_mask/Tringa.melanoleuca_NAs_pu_mask.tif","Tringa.melanoleuca_NAs_pu_mask.tif",0.9276123046875,"Bird",0,8,"y"
"347","Tringa solitaria","RawData/2024_11_28_SDM_Bowen_Island//Bird_mask/Tringa.solitaria_NAs_pu_mask.tif","Tringa.solitaria_NAs_pu_mask.tif",0.898553133010864,"Bird",0,1,"y"
"348","Troglodytes aedon","RawData/2024_11_28_SDM_Bowen_Island//Bird_mask/Troglodytes.aedon_NAs_pu_mask.tif","Troglodytes.aedon_NAs_pu_mask.tif",0.621908068656921,"Bird",2,52,"y"
"349","Troglodytes hiemalis","RawData/2024_11_28_SDM_Bowen_Island//Bird_mask/Troglodytes.hiemalis_NAs_pu_mask.tif","Troglodytes.hiemalis_NAs_pu_mask.tif",0.983958959579468,"Bird",0,0,NA
"350","Troglodytes pacificus","RawData/2024_11_28_SDM_Bowen_Island//Bird_mask/Troglodytes.pacificus_NAs_pu_mask.tif","Troglodytes.pacificus_NAs_pu_mask.tif",0.980965137481689,"Bird",16,1290,"y"
"351","Turdus migratorius","RawData/2024_11_28_SDM_Bowen_Island//Bird_mask/Turdus.migratorius_NAs_pu_mask.tif","Turdus.migratorius_NAs_pu_mask.tif",0.969987273216248,"Bird",34,1481,"y"
"352","Tympanuchus phasianellus","RawData/2024_11_28_SDM_Bowen_Island//Bird_mask/Tympanuchus.phasianellus_NAs_pu_mask.tif","Tympanuchus.phasianellus_NAs_pu_mask.tif",0.275266319513321,"Bird",0,0,NA
"353","Vireo cassinii","RawData/2024_11_28_SDM_Bowen_Island//Bird_mask/Vireo.cassinii_NAs_pu_mask.tif","Vireo.cassinii_NAs_pu_mask.tif",0.957466542720795,"Bird",1,51,"y"
"354","Vireo gilvus","RawData/2024_11_28_SDM_Bowen_Island//Bird_mask/Vireo.gilvus_NAs_pu_mask.tif","Vireo.gilvus_NAs_pu_mask.tif",0.927999973297119,"Bird",2,364,"y"
"355","Vireo huttoni","RawData/2024_11_28_SDM_Bowen_Island//Bird_mask/Vireo.huttoni_NAs_pu_mask.tif","Vireo.huttoni_NAs_pu_mask.tif",0.993832767009735,"Bird",1,113,"y"
"356","Vireo olivaceus","RawData/2024_11_28_SDM_Bowen_Island//Bird_mask/Vireo.olivaceus_NAs_pu_mask.tif","Vireo.olivaceus_NAs_pu_mask.tif",0.953999996185303,"Bird",0,10,"y"
"357","Vireo solitarius","RawData/2024_11_28_SDM_Bowen_Island//Bird_mask/Vireo.solitarius_NAs_pu_mask.tif","Vireo.solitarius_NAs_pu_mask.tif",0.858877062797546,"Bird",0,0,NA
"358","Xanthocephalus xanthocephalus","RawData/2024_11_28_SDM_Bowen_Island//Bird_mask/Xanthocephalus.xanthocephalus_NAs_pu_mask.tif","Xanthocephalus.xanthocephalus_NAs_pu_mask.tif",0.73484605550766,"Bird",0,0,NA
"359","Zapus princeps","RawData/2024_11_28_SDM_Bowen_Island//MammalSmall_mask/Zapus.princeps_NAs_pu_mask.tif","Zapus.princeps_NAs_pu_mask.tif",0.133461862802505,"MammalSmall",0,NA,NA
"360","Zenaida macroura","RawData/2024_11_28_SDM_Bowen_Island//Bird_mask/Zenaida.macroura_NAs_pu_mask.tif","Zenaida.macroura_NAs_pu_mask.tif",0.890227854251862,"Bird",0,3,"y"
"361","Zonotrichia albicollis","RawData/2024_11_28_SDM_Bowen_Island//Bird_mask/Zonotrichia.albicollis_NAs_pu_mask.tif","Zonotrichia.albicollis_NAs_pu_mask.tif",0.819587707519531,"Bird",2,11,"y"
"362","Zonotrichia atricapilla","RawData/2024_11_28_SDM_Bowen_Island//Bird_mask/Zonotrichia.atricapilla_NAs_pu_mask.tif","Zonotrichia.atricapilla_NAs_pu_mask.tif",0.978211581707001,"Bird",3,153,"y"
"363","Zonotrichia leucophrys","RawData/2024_11_28_SDM_Bowen_Island//Bird_mask/Zonotrichia.leucophrys_NAs_pu_mask.tif","Zonotrichia.leucophrys_NAs_pu_mask.tif",0.958424627780914,"Bird",18,421,"y"
"364","Zonotrichia querula","RawData/2024_11_28_SDM_Bowen_Island//Bird_mask/Zonotrichia.querula_NAs_pu_mask.tif","Zonotrichia.querula_NAs_pu_mask.tif",0.982281267642975,"Bird",0,0,NA
